name,surname,phone,email,username,password,birthdate
Aurelie,Oberbrunner,774-932-9842 x349,Henriette.Oberbrunner8@hotmail.com,Roger_Shields,C4Qt19AqO1lNDVY,Tue Sep 03 2024 02:24:21 GMT+0300 (Eastern European Summer Time)
Angelita,Douglas,1-601-600-7682 x45601,Brook_Padberg@gmail.com,Verona_Dietrich64,H2ZOguvn6TR7suL,Sat Aug 24 2024 01:44:51 GMT+0300 (Eastern European Summer Time)
Willow,McGlynn,(537) 637-5372 x5606,Theodora.Morissette99@gmail.com,Holden.Powlowski,aHdW6VhS03Vr_eg,Fri May 31 2024 23:08:07 GMT+0300 (Eastern European Summer Time)
Annabelle,Schuster,510-597-5818 x33121,Casandra35@yahoo.com,Kay.Heller43,OKnlJ2rZJMXrseA,Mon Sep 09 2024 03:50:06 GMT+0300 (Eastern European Summer Time)
Donavon,Stracke,(716) 267-1892 x235,Mabel91@hotmail.com,Soledad96,L2W74KgtgpthDzu,Fri Jul 05 2024 05:29:55 GMT+0300 (Eastern European Summer Time)
Domenick,Olson,1-644-251-4534 x74850,Rickey32@hotmail.com,Henriette.Brekke,02GPyvvH25_jjcI,Sat Jun 08 2024 07:30:30 GMT+0300 (Eastern European Summer Time)
Jane,Wyman,646.933.6483 x2873,Tristian.Auer@yahoo.com,Emmet.OConnell,mXmAJd8KQTP0R45,Mon Jun 24 2024 17:52:46 GMT+0300 (Eastern European Summer Time)
Uriel,Bashirian,1-910-498-8449,Larue.Pfannerstill81@gmail.com,Aletha33,Ut6M51YVB3uq2hA,Mon Apr 22 2024 00:30:25 GMT+0300 (Eastern European Summer Time)
Al,Bartoletti,(245) 346-3168 x30578,Adriel97@yahoo.com,Jamal_Mante53,ifvzj6UEytiXfnv,Sun Jun 23 2024 17:26:39 GMT+0300 (Eastern European Summer Time)
Richard,Walter,1-752-301-4352 x98692,Celestine_Lindgren@yahoo.com,Heidi.Moore-Sauer80,01JwR6smCUdZfgU,Fri May 10 2024 01:22:34 GMT+0300 (Eastern European Summer Time)
Raleigh,Effertz,277.750.6197 x588,Devin.Larkin77@gmail.com,Teresa_Frami28,Tg4onVXx95etc_r,Thu Feb 20 2025 03:10:40 GMT+0200 (Eastern European Standard Time)
Tate,Hessel,334.937.5590,Cielo_Towne48@hotmail.com,Assunta_Armstrong17,E85Zl5fZ_mTUiUh,Tue Jul 02 2024 02:13:02 GMT+0300 (Eastern European Summer Time)
Gwendolyn,Labadie,1-587-780-0235 x01600,Kimberly_Reichel@hotmail.com,Moses.Schimmel98,AOt0vqICE7PF7QO,Tue Oct 29 2024 03:42:36 GMT+0200 (Eastern European Standard Time)
Torrey,Rice,(943) 940-5731 x5676,Finn.Marks@gmail.com,Marta_Stoltenberg,l5ljB7KRHkTo8sM,Mon Jun 17 2024 11:15:15 GMT+0300 (Eastern European Summer Time)
Cody,Roob,(747) 760-5423 x173,Raven.Daniel25@gmail.com,Barbara.Grant61,cGZf47qLMkZDo9v,Sun Mar 17 2024 09:39:03 GMT+0200 (Eastern European Standard Time)
Brad,Hilpert,587-332-6946 x9086,Amparo97@gmail.com,Leonard83,pqpkOX4gqWNnASZ,Thu Aug 08 2024 02:04:36 GMT+0300 (Eastern European Summer Time)
Ulises,Bergnaum,666-339-4971 x3053,Lorenza_Shields52@yahoo.com,Aileen92,_vOIDI7yqKWKZPV,Thu Feb 29 2024 18:16:27 GMT+0200 (Eastern European Standard Time)
Frederique,Heathcote,(749) 492-7011 x53821,Kacie20@gmail.com,Octavia.Ziemann,nLFawDGWQTfTS76,Sun Aug 11 2024 09:05:01 GMT+0300 (Eastern European Summer Time)
Ethyl,Weber,731-737-9067 x0852,Shannon_Greenholt@yahoo.com,Marlin_Farrell64,fm1gRVOOB61dAWV,Sun Nov 10 2024 00:42:05 GMT+0200 (Eastern European Standard Time)
Isadore,Senger,323-714-8261 x3967,Al.Runte81@hotmail.com,Abigale61,xwv4HuIj0jBgSQu,Fri Feb 14 2025 07:56:13 GMT+0200 (Eastern European Standard Time)
Lauriane,Jenkins,712.374.1474,Kendall.Satterfield@hotmail.com,Carroll12,Y7Wt8gSCC4trs8d,Mon Dec 09 2024 00:31:32 GMT+0200 (Eastern European Standard Time)
Franz,Crooks,(978) 951-8050 x4508,Lourdes_Grimes@yahoo.com,Josie.Smith10,0QqiFG56_wG7jBm,Thu Jan 09 2025 11:14:53 GMT+0200 (Eastern European Standard Time)
Augustine,Pollich,892.494.1720 x4316,Otis.Corwin18@hotmail.com,Marvin_OReilly,n8ztVE5eHKmFIGu,Sat Mar 30 2024 01:21:34 GMT+0200 (Eastern European Standard Time)
Piper,Lemke,663-810-2203 x609,Jayme.Pouros10@hotmail.com,Rosario_Luettgen67,H_B1yh6BouR51BX,Thu May 16 2024 15:48:51 GMT+0300 (Eastern European Summer Time)
Clara,Medhurst,(875) 809-0455 x407,Terrill8@yahoo.com,Louisa.Sauer,vcfNk_JIfSvT0qf,Tue Jun 04 2024 05:50:57 GMT+0300 (Eastern European Summer Time)
Summer,Moore,220.951.0298 x1387,Ardella97@hotmail.com,Andre_Barton46,o2G_uMyOm9YEqh5,Sun Feb 02 2025 12:06:44 GMT+0200 (Eastern European Standard Time)
Magnolia,Kilback,1-848-684-7693 x006,Jaleel.OReilly70@gmail.com,Dixie56,kbNWSPuKfaNGr82,Fri Jan 24 2025 07:05:04 GMT+0200 (Eastern European Standard Time)
Elise,Balistreri,933.301.3310 x3203,Nickolas.Bernhard@gmail.com,Ruthe.Kovacek72,McWFPXuT30MEYMG,Sun Aug 18 2024 18:51:06 GMT+0300 (Eastern European Summer Time)
Zachery,Lakin,(334) 838-2441 x948,Bettie_Mosciski@gmail.com,Hassie.Heathcote69,ArVGv_oPI5Bop8q,Mon May 20 2024 14:24:00 GMT+0300 (Eastern European Summer Time)
Agustina,Rosenbaum,(661) 401-7501 x782,Jeremy_Funk@yahoo.com,Loma_Thompson,IubaD3cA_wqws2l,Sat Nov 16 2024 19:11:54 GMT+0200 (Eastern European Standard Time)
Hilma,Hills,1-341-254-4984 x8538,Edwina43@hotmail.com,Sibyl61,2ICQfuP8VAeFBrH,Mon Oct 21 2024 07:16:17 GMT+0300 (Eastern European Summer Time)
Cedrick,Grimes,208.477.4367 x9725,Bell_Lind44@hotmail.com,Gust.Hane86,KJT8Uc1C0J_X89F,Sat Aug 10 2024 13:03:24 GMT+0300 (Eastern European Summer Time)
Isac,Bogan,(971) 485-0966 x33982,Colleen_Treutel91@gmail.com,Fletcher.Reichert,pIfmZTH7cb3PBtu,Wed May 15 2024 13:40:50 GMT+0300 (Eastern European Summer Time)
Austyn,Pagac,1-697-431-4971 x782,Alysa65@yahoo.com,Lawson90,UYEmFUJCm61WgjT,Sat Dec 14 2024 06:09:35 GMT+0200 (Eastern European Standard Time)
Hillard,Heller,(708) 408-5665 x11941,Breanne.Wuckert22@yahoo.com,Devyn77,S6t8LTlEyv7r8Ov,Sun Jul 28 2024 10:58:54 GMT+0300 (Eastern European Summer Time)
Ron,Fritsch,1-505-726-8015 x467,Cierra_Kiehn@yahoo.com,Nya63,zWY2xh5R99orqNN,Sun Feb 09 2025 04:03:50 GMT+0200 (Eastern European Standard Time)
Aryanna,Swaniawski,1-551-600-3941,Jaclyn.Zulauf69@hotmail.com,Steve.Jerde92,QIxfh85aRDuNvdX,Sat Sep 14 2024 16:56:59 GMT+0300 (Eastern European Summer Time)
Jordan,Bednar-Rempel,1-290-825-6347 x2852,Sonya.Macejkovic@yahoo.com,Wallace.Hudson,mdOWqdiE0qUEwjN,Sat Jun 22 2024 10:53:40 GMT+0300 (Eastern European Summer Time)
Kaylah,Kassulke,606-920-2124 x7427,Samanta.McKenzie@gmail.com,Clementine_Carter90,jw7M96SgvHo2ZiY,Sat Aug 10 2024 01:23:17 GMT+0300 (Eastern European Summer Time)
Alexys,Wiegand,(235) 360-2625 x571,Bertrand.Kunze@hotmail.com,Samantha96,4YPNZmFchnMs2cD,Thu Feb 06 2025 09:24:01 GMT+0200 (Eastern European Standard Time)
Savanna,Keeling,313-535-1069 x92237,Ryley_Purdy6@hotmail.com,Anabelle.Quitzon33,eJktEkaWsyIIY8y,Thu Aug 22 2024 10:12:39 GMT+0300 (Eastern European Summer Time)
Angelina,O'Reilly,416.472.0421 x297,Trycia.Stokes44@gmail.com,Jerod.Baumbach64,C5kz9hy11LIN9sS,Sun Mar 10 2024 05:05:28 GMT+0200 (Eastern European Standard Time)
Makenzie,Gulgowski,(606) 755-7735,Geovanny.Frami44@hotmail.com,Jordane31,SHLIEjudXRefePQ,Tue Oct 08 2024 16:46:17 GMT+0300 (Eastern European Summer Time)
Ila,Murray,1-609-520-4009 x812,Sonny49@yahoo.com,Donald_Von-Rogahn35,zcpU5jQ84vO_0eG,Fri Aug 09 2024 02:07:34 GMT+0300 (Eastern European Summer Time)
Savanah,Wilderman,(655) 819-0676 x830,Kayden_Stoltenberg24@hotmail.com,Viola.Langworth,CQrCagm7jvAoSl_,Sat Jan 25 2025 15:06:21 GMT+0200 (Eastern European Standard Time)
Eloise,Robel,688.374.5440 x449,Garfield.Strosin@hotmail.com,Nico84,dtuCImV6i2gWhW2,Tue Jan 28 2025 07:47:46 GMT+0200 (Eastern European Standard Time)
Glennie,McLaughlin,274.959.7108 x36416,Rickey96@hotmail.com,Joyce_Feest64,dsJjvW3OTzf2spz,Thu Nov 28 2024 07:15:03 GMT+0200 (Eastern European Standard Time)
Carolina,Hartmann,547.695.8388,Ricky14@yahoo.com,Oscar_Swaniawski6,2yp3Jnnwjp37HI2,Thu Apr 18 2024 19:20:22 GMT+0300 (Eastern European Summer Time)
Carmelo,Brekke,1-829-325-0081 x256,Lisette.Langworth@gmail.com,Chesley.Hammes,izKYiXk4L0tYqMn,Tue Apr 09 2024 06:14:41 GMT+0300 (Eastern European Summer Time)
Yasmin,Fahey,553.671.3649 x650,Else40@gmail.com,Lacy_Macejkovic90,JxPDGdmqueHbfHw,Fri Apr 19 2024 21:35:17 GMT+0300 (Eastern European Summer Time)
Jairo,Balistreri,(978) 494-4011 x227,Dee31@yahoo.com,Tara_Casper71,Q6VSxo6eL4xZhEn,Wed Aug 28 2024 23:49:04 GMT+0300 (Eastern European Summer Time)
Lauriane,Olson,887.560.8039 x0726,Jerrold38@hotmail.com,Aditya_Walker-Emard84,hIKA68q2ZgKWx9R,Sun Mar 03 2024 07:27:11 GMT+0200 (Eastern European Standard Time)
Cordelia,Mills,374-910-4707,Eloy18@gmail.com,Kasandra_Ratke1,uT0uGDEgP0g3eVl,Mon Aug 12 2024 15:12:16 GMT+0300 (Eastern European Summer Time)
Arden,Windler,466-978-3474,Karolann32@gmail.com,Guillermo_Turner,xv7ujFw9AvHe774,Mon Sep 30 2024 10:54:45 GMT+0300 (Eastern European Summer Time)
Jennyfer,Kessler,1-473-541-1362 x891,Isac_Brown@gmail.com,Preston.Howe,GD6aByYRwLG545J,Tue May 28 2024 11:59:33 GMT+0300 (Eastern European Summer Time)
Oren,Sanford,302-247-0591 x6787,Maybelle_Friesen@gmail.com,Carley_Corwin39,ArdwNKrvM6oV_wM,Sat Sep 28 2024 15:53:59 GMT+0300 (Eastern European Summer Time)
Keyshawn,Bernhard,638-774-0674 x0253,Marcellus40@hotmail.com,Trent_Hirthe,KZ_4Nii0GU1a_u1,Fri Jan 24 2025 11:57:10 GMT+0200 (Eastern European Standard Time)
Will,Russel,376.265.7415 x266,Erwin.Schuster@gmail.com,Rachelle89,x6ge_71B1tdlhgP,Fri Jul 05 2024 06:58:57 GMT+0300 (Eastern European Summer Time)
Einar,Crist,295-995-6042 x171,Lilyan.Bednar97@yahoo.com,Lucio47,yTBQjAwkS8gdWC_,Wed Feb 28 2024 19:42:29 GMT+0200 (Eastern European Standard Time)
Baby,Mills,1-621-619-1317 x020,Bryce.Wisoky@yahoo.com,Lila.Ferry1,d1nDJzgGeKvYhS8,Wed Jul 10 2024 10:54:10 GMT+0300 (Eastern European Summer Time)
Orval,Mayert,(710) 457-2897,Demarcus.Walsh@gmail.com,Jay_Grant,u9jAPY5SOx3ooz9,Mon Mar 18 2024 00:02:21 GMT+0200 (Eastern European Standard Time)
Xzavier,Goodwin,666.399.1868,Talon21@gmail.com,Aric52,cB4ozQYLSLz7kE3,Tue Apr 30 2024 06:07:33 GMT+0300 (Eastern European Summer Time)
Emory,Fay,606.326.1618,Leonie71@gmail.com,Antone_Marks24,UIvRPg2oDXanD86,Mon Jul 08 2024 09:10:01 GMT+0300 (Eastern European Summer Time)
Faye,Pollich,835.694.3503 x28769,Delaney.Sanford@yahoo.com,Piper.Lowe40,3pjX0JHtOZZUcrb,Fri Mar 22 2024 17:32:26 GMT+0200 (Eastern European Standard Time)
Lucio,Thiel,601.541.3884 x1500,Mikel_Collier@hotmail.com,Hulda.Doyle,MFO97M1wZbDk7Un,Fri Apr 12 2024 07:48:54 GMT+0300 (Eastern European Summer Time)
Davon,Stracke,936-202-7157,Mathias.Schneider@gmail.com,Aditya.Walsh,nSTuBVHVJ9YjESt,Wed Dec 04 2024 03:08:26 GMT+0200 (Eastern European Standard Time)
Drew,Becker,816.636.0590,Kaleb_Gottlieb@gmail.com,Daphnee22,n76hrcSaVrd2ROt,Sun Aug 04 2024 18:50:56 GMT+0300 (Eastern European Summer Time)
Maurice,Schroeder,337-700-6778,Lennie_Abernathy-Wunsch@yahoo.com,Leora.Schaden48,n7XV9LSkw3vytaj,Fri May 10 2024 15:44:53 GMT+0300 (Eastern European Summer Time)
Micheal,Crist,(252) 921-2731,Shanelle_Leffler@gmail.com,Geovanni.Stokes,kxsHs6_UbSHh1cp,Sat Aug 17 2024 23:43:14 GMT+0300 (Eastern European Summer Time)
Maxime,Rath-Shanahan,(599) 515-4267,Zack43@gmail.com,Christa94,GARJcXspXD_SfZU,Mon Dec 02 2024 20:36:22 GMT+0200 (Eastern European Standard Time)
Baron,O'Hara,(326) 530-3415,Armando.Legros@hotmail.com,Anika.Hartmann,mAa0EoBcbmh6niu,Wed Sep 18 2024 20:29:25 GMT+0300 (Eastern European Summer Time)
Elta,Muller,953.735.7627 x9400,Noelia_Gottlieb7@gmail.com,Gerhard_Prohaska21,ekYCRik1s5MHzy9,Mon Dec 02 2024 17:49:48 GMT+0200 (Eastern European Standard Time)
Elena,Hirthe,804-442-9976 x8054,Urban93@hotmail.com,Addie.Marvin,rjBpR8laukQ6Lvt,Wed Jan 01 2025 00:55:33 GMT+0200 (Eastern European Standard Time)
Dashawn,Weissnat,462-889-2133 x76528,Adela94@yahoo.com,Dimitri55,D1PYPFnOvPvsOH6,Thu Jan 23 2025 05:02:32 GMT+0200 (Eastern European Standard Time)
Elyse,Schoen,567-750-3069,Kiera6@gmail.com,Cristian73,Ye_gMZptPSQm3xI,Fri Feb 07 2025 19:27:47 GMT+0200 (Eastern European Standard Time)
Chelsey,Padberg,745-618-5301,Arch_Tillman@gmail.com,Alf.Kilback,lmxQe7pvfusq8M1,Tue Sep 17 2024 02:46:47 GMT+0300 (Eastern European Summer Time)
Freddy,Pollich,481.488.5935 x87794,Noemie_Lakin@gmail.com,Zella5,XmxIMMgIosSuHl0,Sun Apr 21 2024 04:08:52 GMT+0300 (Eastern European Summer Time)
Clovis,Kuvalis,1-634-939-3099,Bridgette.Wisozk@gmail.com,Marge20,s0ZKhPbFNtcyk4v,Mon Jun 03 2024 22:15:03 GMT+0300 (Eastern European Summer Time)
Araceli,Daniel,495.936.6300,Evelyn.Leannon@hotmail.com,Virgil.Greenholt,WPUlYm0l3mEDb4f,Sun May 26 2024 15:30:01 GMT+0300 (Eastern European Summer Time)
Bonita,Walker,220.877.4581 x83245,Gregoria_Schowalter41@hotmail.com,Rolando33,4qq6JG7Riu3ceU3,Tue Mar 12 2024 22:02:05 GMT+0200 (Eastern European Standard Time)
Cale,Lockman,993.662.0876 x099,Chad_Kuhlman@hotmail.com,Christophe_Block,uuZKqMJkzKXEZxe,Sun Aug 11 2024 12:48:14 GMT+0300 (Eastern European Summer Time)
Grayson,Cormier,(487) 606-9142 x31520,Adrien48@yahoo.com,Mossie40,WLBUfszyZI6qKc8,Thu Feb 06 2025 09:32:22 GMT+0200 (Eastern European Standard Time)
Gene,Beier,1-292-462-5160,Stephany_Hamill@hotmail.com,Herta.Towne,nyib_hPA6Zh7_Mj,Tue Jan 21 2025 18:00:46 GMT+0200 (Eastern European Standard Time)
Barrett,Ullrich,594-999-7884,Clara7@yahoo.com,Meaghan_Lehner10,Plme1dMW3R0Gerf,Sat Jan 25 2025 06:26:46 GMT+0200 (Eastern European Standard Time)
Tomasa,Huels,(960) 287-1749,Ben63@gmail.com,Ryley_Fadel,Et7oLcbVba_Leno,Thu Apr 18 2024 21:35:42 GMT+0300 (Eastern European Summer Time)
Cody,Rau,246-359-9446 x176,Hilda34@yahoo.com,Piper.Hahn,HWFZN6yc2LPF2Yn,Wed Sep 04 2024 23:09:27 GMT+0300 (Eastern European Summer Time)
Adalberto,Gerlach,883.689.2656 x5683,Vincenzo39@hotmail.com,Simone_Moore9,1rrCUE0Biht4iMb,Wed Apr 17 2024 13:22:09 GMT+0300 (Eastern European Summer Time)
Alan,Cremin,1-395-642-7064 x8425,Jerrold.Green@hotmail.com,Tremayne_Ortiz86,YHDnOeSvdMzA4IR,Sun Jul 14 2024 23:33:18 GMT+0300 (Eastern European Summer Time)
Elsie,Bogan,375-617-1893 x4386,Jean_Abshire@gmail.com,Rosalinda.Hintz,QN3BqDUnOPii0RZ,Tue Dec 24 2024 02:58:53 GMT+0200 (Eastern European Standard Time)
Lemuel,Schulist,(614) 671-0065 x1116,Katrina_Muller@yahoo.com,Christy_Champlin,g6BccNstExDJmab,Sat Dec 21 2024 05:35:38 GMT+0200 (Eastern European Standard Time)
Jerel,Gulgowski,(987) 676-2038 x57219,Gisselle.Howell@yahoo.com,Dimitri.Tremblay95,_zzu69KQYZiMrA2,Sun Sep 29 2024 01:35:29 GMT+0300 (Eastern European Summer Time)
Santiago,Oberbrunner,(681) 764-5733 x8275,Leonor_Marvin99@gmail.com,Kian_Bosco5,veZfuOfXAAnXPlh,Wed Sep 04 2024 02:08:57 GMT+0300 (Eastern European Summer Time)
Kitty,Hintz,1-974-485-0709 x821,Floy9@yahoo.com,Laney_McGlynn63,FB9BznlqYsL1A1y,Wed Aug 14 2024 03:05:05 GMT+0300 (Eastern European Summer Time)
Cheyenne,Hilll,225.355.0374,Lisette_Kshlerin@gmail.com,Thomas26,UwR0POj0n6spsib,Tue Mar 26 2024 09:26:53 GMT+0200 (Eastern European Standard Time)
Emma,Bauch,935.670.5807 x6215,Cleve68@yahoo.com,Otha.Dickinson33,W0k7g6qXZWENqSJ,Sun Dec 29 2024 22:50:22 GMT+0200 (Eastern European Standard Time)
Deanna,Cruickshank,(627) 208-8171 x187,Ellsworth.Mraz@hotmail.com,Gregg.Schowalter,PbqzbGwn1itxo6m,Tue Aug 13 2024 11:01:42 GMT+0300 (Eastern European Summer Time)
Alfonso,Lesch,(860) 361-0812 x3654,Miles63@hotmail.com,Angelina_Gulgowski,YLMOa0RRENWK8nd,Mon Mar 11 2024 14:05:18 GMT+0200 (Eastern European Standard Time)
Wilfred,Hansen-Kuhn,(360) 897-6100,Nicolas_Rolfson@hotmail.com,Drake.Jerde,bMXnG3AffdVMnge,Sat Feb 08 2025 03:44:24 GMT+0200 (Eastern European Standard Time)
Willie,Deckow,(402) 312-4891 x45968,Davion88@hotmail.com,Marielle_Quitzon,zVZ8AOvcFIJKoFI,Sat Oct 26 2024 09:35:18 GMT+0300 (Eastern European Summer Time)
Loyce,Lowe,(235) 300-8670 x9954,Wendy27@gmail.com,Deborah.Hilll,ppfYBCQzDWQ74Sq,Wed Apr 17 2024 09:05:27 GMT+0300 (Eastern European Summer Time)
